findDealer,bpFinish,vehQuote,bpStart,tradeIn,incView,quickQuote,searchInv,testDrive,paymentEst,clickCall,avgPageVis,avgSiteTime,naturalSearchVis,bookmarkedVis,paidSearchVis,bannerVis,vehHomeVis,galleryVis
800,7866,107,14352,14,5021,13,1181,6,8067,3,3.997788841,377.4344866,11736,13865,8846,29029,9630,1236
1076,7800,116,14679,34,4975,32,1409,13,8159,28,3.909443541,371.8737669,12572,16079,9200,31176,10059,1296
981,7701,112,14652,17,4603,34,1463,3,7470,30,3.95229323,373.9589552,10040,13643,11368,27494,12213,1485
769,7086,82,13443,22,3865,27,1307,0,6772,7,3.973708948,381.4093868,9452,10967,11084,28035,11015,1365
814,7570,92,14032,15,3980,27,1298,3,7324,16,4.088452052,390.3586917,10893,12097,11356,26167,10542,1463
1256,7949,115,15146,18,4444,30,1433,4,8023,28,4.430104658,385.1190834,12030,14249,12203,21389,10095,1414
1123,10575,282,19576,33,4192,35,1513,4,9416,18,4.372324408,375.4671907,11997,13424,11874,30242,10503,1412
1089,8546,156,16050,28,3926,34,1140,5,8228,14,3.969015999,375.068269,12680,24205,10260,24928,21471,1416
987,7500,111,14453,24,3834,28,1081,6,7272,20,3.956311132,364.6225946,12375,14293,10869,30213,14607,1424
1011,6904,87,13138,20,3490,32,1046,12,5938,11,4.003358342,360.0394332,12197,12589,9993,28637,12981,1284
823,8283,79,14647,21,4179,30,1424,0,6687,6,4.38164827,377.1798047,14183,12167,11550,29373,14557,1580
896,8515,116,15116,23,4154,22,1501,4,7905,4,4.360684642,384.8997307,13675,12206,11682,29293,13853,1517
1478,10027,119,18072,29,4703,21,880,3,7678,19,4.9849705,483.7313255,42185,39515,17784,27988,38772,3906
1347,15690,100,22825,27,5220,28,1182,5,8285,18,4.930835079,441.3686936,69811,50541,19448,24669,47365,5558
1269,12480,124,19338,27,4908,46,1001,17,7814,17,4.69060838,417.8491427,44689,30712,16778,23091,31522,3635
1232,12857,133,20512,19,4905,31,1146,4,8328,18,4.571571796,411.6749586,36935,26608,15661,26919,26853,3086
1263,16308,187,25528,48,7096,55,1901,9,11116,23,4.017915376,387.4375127,28715,21444,14453,75457,71633,3948
946,11231,119,18320,20,5320,34,1434,3,8145,9,4.779798381,395.4522689,24092,16837,13204,29217,22228,2487
1092,12226,156,19844,33,3980,33,1816,9,9562,4,4.617135299,404.351818,22774,16222,14486,32965,19097,2448
1364,12953,178,21787,27,6104,56,2346,10,9972,25,4.662711387,390.461106,21038,25129,13672,32267,23463,2477
1306,11927,158,20349,32,5533,47,2060,1,9130,18,4.322990209,390.1864948,19569,20543,14476,35319,21940,2084
1141,11011,139,18852,24,4464,38,1666,4,8271,12,3.937559629,392.1826198,18891,16778,13366,47219,30854,2016
1004,9850,130,17506,31,3976,42,1632,4,7725,13,4.186210867,390.4908608,18049,15254,12352,31250,16930,1782
1030,9474,129,16761,26,3846,44,1479,4,6946,10,4.170410899,385.46483,16495,13682,11665,28379,15666,1682
807,9289,101,16040,22,3267,20,1439,1,7184,15,4.238384677,387.0202979,15821,12193,11596,30260,14842,1635
791,9593,97,16489,15,2504,19,1419,3,7578,3,4.254485145,374.9945019,17330,12656,12434,32526,15988,1795
1200,9917,117,17455,33,4028,35,1638,9,8492,9,4.334097636,392.1604656,17111,14513,12138,32155,16772,1874
1053,9116,100,16395,20,4251,65,1487,21,8776,13,4.313651507,389.5658828,15886,13992,11229,29211,14317,1646
965,8577,97,15615,14,3889,48,1447,8,7820,9,4.318519105,391.3676944,15252,13222,10936,27720,13640,1586
748,8150,96,15010,16,3544,36,1220,3,7248,14,4.149148601,379.8396119,14168,12792,10508,29118,12953,1584
670,7634,98,13920,15,3468,23,1195,7,6534,12,4.13616478,381.1213287,13598,11552,10105,26896,13201,1488
691,11060,117,16778,16,5876,63,1727,11,12328,5,4.712702529,440.6320365,14117,13546,10563,28230,13037,1522
730,12981,154,19653,24,6003,58,2207,5,13206,3,4.742224061,465.358136,16213,16265,12241,29421,15392,1770
913,12357,178,19438,29,6740,80,2515,8,14575,9,4.690071633,458.0405642,16559,17895,12931,33457,15506,1798
1787,5813,210,1873,59,6267,96,2574,19,14091,32,4.727721388,457.1158653,16195,17593,13392,34359,16133,1864
5681,5738,174,1322,30,5358,77,2290,9,12618,26,4.444959229,441.2473,14890,17434,12798,36894,15205,1701
1465,7948,274,1287,42,6050,92,3319,11,14713,37,4.829086879,425.477262,14491,16637,13225,35549,14171,1805
1392,8305,273,1240,36,5695,90,3139,8,13103,20,4.777890958,415.2629822,14594,25331,14013,32764,14860,1882
894,12034,200,1162,23,4803,65,2232,15,11138,17,4.470693767,433.6012113,14058,19320,13276,34177,13880,1807
1123,11058,167,1309,26,5067,71,2316,9,12585,5,4.606757012,439.0061804,15189,19257,15022,35255,15049,1935
1571,9384,189,1152,38,5393,74,2491,17,12835,23,4.562639085,448.8102833,14130,20497,14794,35150,15636,1850
1573,12045,192,1111,19,5034,106,2384,27,12489,16,4.558767803,448.0658521,14638,19077,13762,33187,15547,1816
1667,13331,163,15023,33,4701,71,2254,18,11669,21,4.471405229,446.1339784,14159,17976,13446,32131,14683,1720
1510,16845,166,18439,20,4688,77,2163,15,11511,26,4.491407157,436.8116801,14034,18685,13321,30646,13503,1761
1433,15677,246,15878,25,4145,56,1979,18,10072,27,4.347390367,426.8355825,13764,17586,12458,30745,13963,1727
975,15821,178,15692,22,4227,61,1833,7,9712,24,4.358545189,430.9242484,13179,16338,12537,31085,13400,1723
1020,17736,134,17349,13,4788,60,2191,7,11128,4,4.572150387,442.9502317,14664,17289,13729,32292,14597,2046
1650,18726,173,18829,25,5062,65,2563,15,12350,28,4.560294401,439.4194637,15821,20240,14348,32544,15615,1918
1531,17941,208,18121,33,4807,75,2294,14,12353,12,4.53368808,445.7550642,15148,18823,13486,33403,15215,1896
1419,17422,250,17609,28,4488,64,2287,7,11483,14,4.487687627,436.3375549,14757,18510,12839,32883,15301,1781
1255,16813,161,16929,20,4578,82,2158,20,11005,16,4.369748279,432.1999319,14383,19769,12365,32447,15724,1840
1212,16325,239,16431,31,4089,65,2042,12,10599,33,4.391025119,431.8865807,14667,19088,12164,31033,15187,1768
943,15965,254,15429,11,4190,51,1993,5,9795,12,4.433550717,441.178265,13746,17891,11756,29572,14088,1695
1081,17065,146,16604,19,4244,51,2092,9,10650,6,4.575250636,442.4884239,14373,17292,12504,31139,15102,1873
1530,14373,179,17774,43,4704,81,2320,8,11736,14,4.528631942,445.6572993,14917,18991,12866,32700,15335,1882
1433,11204,179,16880,25,4222,103,2201,29,11139,26,4.49379249,442.7529682,14483,17997,12766,30359,14670,1698
1554,10298,137,15728,26,3992,67,1905,7,10139,15,4.466026633,441.2113555,13859,18070,12592,27847,13395,1698
1773,10831,121,16450,27,4277,74,2016,21,10356,15,4.160219406,411.5893861,13908,19898,12368,26409,13282,1813
1146,10201,155,15543,31,3764,52,2026,14,9651,8,3.944582246,411.4070057,13519,18743,11948,33924,13796,1641
910,12009,144,17267,18,4424,59,2124,6,10719,11,4.353402626,449.8695232,14509,18873,13724,33368,13820,1882
1034,11388,149,16582,16,4430,48,1837,2,10084,3,4.447861382,437.5759894,14338,17085,13640,30755,13109,1728
1373,10369,145,15923,21,4957,74,1916,14,9889,20,4.381906754,435.0494971,13770,18185,13163,27278,13658,1677
1802,10805,142,16068,24,4717,49,1907,23,10677,16,4.219917999,423.3809265,13438,19993,13445,29622,12338,1560
1498,10165,132,15473,18,4297,45,1561,6,9440,13,4.540606811,445.1546647,14003,18592,11209,23623,10655,1411
1349,9657,150,14732,33,4059,73,1874,18,9554,13,4.198027389,421.3809501,12454,17347,12482,27476,11621,1591
1159,9288,131,14114,25,3809,64,1739,9,8912,17,4.240156967,413.4643279,12329,16257,12370,25637,11013,1550
808,9453,126,14272,11,3929,66,1676,7,8760,16,4.196062676,419.7464117,12961,16056,12363,25932,11399,1682
877,9809,126,14385,22,4435,58,1715,6,8610,3,4.327845738,420.5604444,12618,15101,12479,26485,11465,1597
1092,11355,174,16018,46,4619,75,2104,27,10606,5,4.420658469,432.4222761,13673,17020,13664,29399,11841,1714
1572,10042,150,15624,15,4191,95,1946,23,9723,35,4.507206101,433.2990365,13003,17067,12590,24694,10550,1558
1616,9678,141,15056,27,4092,55,1949,14,9991,14,3.796670894,419.0095081,12679,17529,13501,40136,11537,1574
1509,9767,155,15023,26,4017,49,1960,14,9810,25,3.897188299,398.6068507,12716,16734,13079,33728,11745,1497
1697,12131,195,18424,36,4250,74,2604,12,10106,21,4.325352269,407.4041165,12094,16072,12541,27388,11410,1545
1203,10927,149,16368,28,4150,52,2184,10,9669,18,4.311310322,411.4446419,12788,14820,12702,29492,11993,1586
1318,10506,129,15500,24,4729,40,1858,5,9113,5,4.707236303,430.2268515,14345,16709,13401,27628,12400,1825
1802,10699,136,16709,26,4199,62,2137,14,9830,26,4.426260816,418.0376268,14304,17542,13924,26161,13101,1606
1718,10347,112,15965,34,4137,64,2075,35,9729,15,4.308469568,417.0286838,13620,16509,13659,28572,13764,1535
1710,9892,110,15334,22,4054,51,2046,6,9464,19,4.183233562,415.187584,13296,18031,12976,27573,15951,1513
1517,9878,133,15138,34,3917,72,1981,13,9361,15,4.080897685,411.5324422,13732,17182,13131,28818,14388,1602
1406,9250,118,14528,28,3978,59,1836,4,8528,33,4.126447996,404.599654,13790,15367,12829,27739,14011,1539
1122,10167,136,15155,20,4001,50,1867,14,8529,6,4.160158964,412.6968677,13742,16611,13038,26487,13295,1615
1151,10197,145,15264,23,4016,48,1874,11,9220,3,4.228686539,406.6051198,14121,16215,13509,27840,13949,1668
1842,9878,132,15557,30,4122,71,1883,7,9606,18,4.181863815,401.9586189,14544,17330,13730,27416,14355,1504
1421,9642,163,15306,30,4134,136,1947,32,9164,19,4.168762298,411.9995299,14960,20528,13404,22160,13543,1552
1446,9815,114,15536,20,4043,49,1662,7,8995,23,4.207873786,404.6951423,14354,16259,13779,26046,13577,1573
1424,9066,136,14729,17,4138,41,1329,10,8307,23,3.964033353,397.6100602,13456,17002,13148,29852,14872,1586
1274,8959,153,14433,23,3710,38,1472,4,7900,3,4.119827212,399.6455766,13385,15563,13181,25486,13301,1694
1035,9676,144,15132,23,4125,46,1850,5,8528,16,4.276636982,406.7669307,13882,14718,13699,26520,13521,1845
1017,10206,111,15487,29,4045,45,1905,4,8784,7,4.27014642,406.3846346,14634,15485,14058,27669,13718,1911
1362,9566,147,15553,18,4147,57,1986,8,9193,14,4.278823616,403.7422277,14122,16084,13730,26525,13787,1694
1346,9297,111,15582,17,3458,34,1672,9,8690,15,4.211791721,408.7589862,14568,16790,12225,26808,12745,1566
1315,9044,96,15383,11,3618,31,1623,9,8318,18,4.113653057,394.5274954,13471,17276,14109,27648,13476,1569
1323,8786,102,14995,13,5074,17,944,4,9255,19,4.40741458,384.3687036,13488,17082,13371,19510,11820,1413
1063,7491,87,13065,22,3853,21,655,11,6870,18,4.198565441,380.1379601,12496,15010,12072,20121,12210,1388
905,7917,84,13151,18,3468,22,1093,5,6822,11,4.266729684,392.1381211,12387,14948,12183,19348,11374,1572
959,9117,69,14807,12,3740,12,1505,5,8039,20,4.504644722,405.0291315,13213,14106,13251,20823,11509,1671
1270,7744,82,13403,25,3495,41,1396,5,7490,25,4.361974684,385.7582857,12420,14772,12424,18403,10969,1485
1071,7194,93,12540,16,3073,40,1276,13,6864,18,3.971075533,384.162817,12992,15727,11012,22485,10718,1367
1182,7571,69,12980,15,3250,30,1372,10,7101,18,4.085900765,381.8822668,12911,15572,12002,21295,9801,1436
1388,11015,178,18400,41,3814,35,1973,2,8382,20,4.364995623,373.7054135,14390,15972,13186,20192,9479,1524
1136,8193,97,13879,27,3055,37,1568,23,7090,16,4.224801249,388.3111669,12791,15711,11694,18478,9488,1441
1085,8052,80,13281,19,3128,24,1385,3,6752,20,4.510174724,395.4667896,12704,12682,12502,15926,9653,1520
3423,8142,74,13209,10,3058,17,1280,6,6485,2,4.567809071,394.1690622,12925,12769,12403,16079,9663,1532
772,8258,85,13473,19,3273,33,1367,3,7074,5,4.486996728,380.1101294,13290,13908,12533,17742,9302,1436
1353,8257,75,14165,23,3475,32,1452,3,6977,29,4.505802239,388.8051745,14019,15049,12064,16609,9452,1412
1244,7827,67,13778,20,3077,32,1449,5,6789,28,4.093758101,382.8489738,13646,16173,11641,21210,8940,1618
1189,7831,93,13743,17,3192,34,1408,1,6644,18,4.328892157,380.4055076,14051,16294,12134,17829,9363,1561
1027,7892,78,13497,13,3263,23,1451,1,6644,21,4.342227788,390.722244,13570,16888,11971,16783,8941,1545
743,8370,70,13700,18,3229,34,1300,3,6606,8,4.341005567,388.2612369,13867,15674,12378,18358,9296,1719
795,9053,80,14445,26,3737,34,1467,5,7211,3,4.532380749,399.9487089,14697,14258,12783,20552,9248,1692
1489,8513,113,14539,14,3744,99,1513,20,7219,16,4.468579485,388.0065846,16131,16847,13231,19230,9622,1791
1212,8574,146,14470,18,3495,29,1424,6,7140,15,4.460744657,378.520534,16039,15506,12786,20791,9452,1690
1212,8612,93,14421,27,3400,52,1427,12,7070,28,4.479654074,385.8009047,16186,17282,12743,21433,9353,1686
1329,10044,118,16981,37,3557,34,1580,5,7553,38,4.631596896,377.4437754,15742,25246,11621,23099,9371,1693
1131,13831,153,16146,22,4124,36,605,4,9694,30,8.390265747,454.6075401,18065,21597,11196,16615,9769,1924
783,9883,111,11775,14,4493,7,583,1,6711,12,7.017621145,426.468378,17340,16014,12542,16911,10646,2124
697,10957,145,15637,12,2919,10,1049,4,7814,3,6.672572278,415.3744643,19051,15508,12712,23140,10604,2044
1368,12396,180,17831,18,3332,37,1369,18,9371,23,5.888785047,409.8554735,18063,17979,11032,29062,11651,1665
1468,11979,156,17336,16,3348,35,1251,8,9051,17,5.86745674,421.7577651,16522,16419,10624,29621,15161,1559
1095,10333,98,15692,19,3213,25,1277,5,8069,13,5.514776337,415.4146185,15517,16827,10129,25518,13416,1455
1063,10255,88,15388,14,3046,63,1300,11,7970,7,4.900028903,400.6801744,15631,17916,9741,31125,17639,1530
951,9223,79,14267,16,2640,29,1128,12,6702,14,4.812403621,395.9203066,14495,16969,9092,30692,16977,1448
709,8856,165,13673,19,2653,29,955,3,6542,9,4.718674667,398.0484543,13351,15640,9733,29424,15045,1519
735,10904,186,15943,21,3460,43,1310,20,8060,2,4.88983757,402.46647,16514,18641,10394,33041,12561,1813
1095,9653,154,15112,16,3257,38,1256,6,7445,24,4.805505773,387.136676,14996,17570,10732,30977,11086,1592
1058,8505,197,13320,30,3516,52,3131,17,6834,8,3.910579679,386.9777163,14277,18008,10163,28342,10558,1475
944,8009,230,12926,16,2545,21,2704,5,6341,13,3.943727523,385.7304109,13298,16983,9327,23306,10016,1344
873,8556,291,13488,17,2601,37,2858,6,6573,12,3.926002165,384.5168154,13526,17858,9999,25378,10161,1458
980,8081,212,12907,7,2410,35,2890,7,6371,8,3.969195487,384.61405,12692,16140,9924,23715,9785,1439
693,9375,319,14292,10,2586,19,2983,3,6942,8,4.086470787,396.042192,13668,15657,10319,26696,11024,1537
647,10084,257,15082,7,2416,21,3073,4,7609,3,4.220355809,396.3321745,14695,16081,10422,27126,11146,1619
1008,9410,267,14966,15,2830,37,3078,1,7469,13,4.10935581,389.5744978,14265,16662,11328,26566,12168,1570
1038,9222,158,14790,12,2638,31,3318,4,7214,8,4.003787499,394.6064463,13885,17592,11086,28474,12441,1539
1546,10047,159,15035,16,2676,37,3155,4,7446,12,4.076821208,389.7794899,14550,16364,11690,26739,12142,1668
1046,9044,115,14243,19,2773,34,2909,1,6683,6,3.966296364,388.8501421,13742,16008,11105,26926,12061,1604
870,8723,87,13655,11,2685,38,2858,2,6533,20,3.941974926,390.3913919,12664,16011,10814,26566,11708,1408
665,9701,70,14558,17,2802,18,2941,2,6614,15,4.10817822,397.1009196,13545,15272,11314,26982,12076,1595
681,10299,85,14895,19,2824,16,3121,3,7291,2,4.150588235,406.6389523,14138,15485,11424,28424,12405,1626
967,9112,111,14284,20,2767,32,3001,11,6972,14,3.949265127,391.6644502,14453,16790,10662,28788,12647,1570
1009,8652,91,13940,16,2593,86,2796,27,6846,28,4.122555179,400.1285513,13503,16502,10204,24534,11606,1355
961,8499,102,13511,20,2407,44,3024,1,6451,17,3.955223094,392.2439044,13136,16898,9860,27673,11936,1379
918,8713,74,13779,11,2560,40,3048,12,6538,12,3.910942294,392.3440854,13084,18180,9926,25004,11847,1362
790,9005,91,14590,13,2449,37,3279,3,6901,13,3.954750347,377.6834232,12257,16376,9646,27087,13230,1216
588,9456,126,14472,4,2076,30,3247,4,6858,12,4.060764077,398.5347785,12499,14613,10228,28130,13486,1425
674,9658,79,14304,10,2216,29,3406,1,7056,5,4.016626169,396.2977286,12901,14991,10633,29089,13649,1408
2426,9141,104,14358,21,2496,47,3483,5,7107,25,3.976652399,395.2857181,12958,16217,10080,28066,12574,1316
947,11387,160,18262,17,2094,64,2892,10,8867,9,4.389252268,472.0755218,13042,17097,10204,26164,17282,1360
1036,10889,98,17787,21,1890,22,3187,4,8267,6,4.270918803,479.0794384,12636,17038,9822,24863,17421,1351
867,10225,72,16632,19,1940,31,2820,2,7322,15,4.035580826,459.8651255,12219,18213,9854,25720,17690,1363
934,10194,100,16575,16,1935,20,2814,6,7217,5,3.955902691,461.4153399,11937,17251,9053,23302,16569,1491
771,10915,76,16915,18,2712,30,2685,5,7474,10,4.216159324,463.6480985,12555,15496,9854,23339,16272,1528
606,11219,139,16647,25,2772,26,2785,2,7593,1,4.287558935,458.2805937,13231,14973,9890,23504,16250,1510
888,9537,77,15188,19,2630,21,2405,5,7287,12,4.162570802,464.6587631,11543,16965,8572,20190,12984,1272
954,8689,88,13506,21,4496,54,3292,19,7334,12,4.603889554,445.4249139,11724,18002,8965,16800,11219,1247
990,9832,101,15614,12,3001,38,2880,6,7604,15,4.311381838,465.441939,11083,15014,8666,25852,12829,1211
842,9477,90,15249,15,2693,37,3275,3,7064,8,3.983267594,459.3016786,10727,16893,8166,28392,15637,1195
824,9285,91,15024,10,2441,24,3076,5,6737,29,4.241491938,463.8997918,12906,15426,5961,20164,12024,1108
774,14920,196,22794,27,3630,54,4796,6,9269,8,4.607421851,448.1032065,13369,16446,7143,25023,13180,1346
918,9163,22,15551,11,2402,5,3036,1,6437,2,5.269627305,444.6036857,14103,14809,5382,16946,11399,1149
1206,14613,179,22700,31,2854,43,4407,9,9750,19,4.829836049,444.7380816,15185,25289,7622,18749,12894,1284
1043,11517,125,19314,30,2979,54,3776,20,7970,17,4.995386816,477.5478431,14143,17995,7370,16936,11378,1300
876,10239,119,16903,17,2806,45,3904,9,7574,11,4.524074131,459.8839653,13079,18114,7266,18048,12818,1218
963,10110,98,16911,11,2699,31,3783,7,7614,8,4.394502075,457.3063153,13379,19104,7117,19523,13555,1273
807,9692,93,15565,14,2534,27,3676,6,7195,9,4.265255764,444.6984313,13442,19117,6782,19295,12872,1170
608,10975,110,16801,14,2863,28,4282,7,7946,12,4.649443151,470.6051817,14042,16166,7402,18909,14001,1277
712,11558,111,17777,20,2868,33,3935,8,8550,7,4.735715818,453.8218171,15206,16268,7902,18286,12819,1420
877,10058,75,16360,17,2491,21,3785,3,7643,16,4.439313592,448.0722661,13684,17079,7839,17523,10523,1066
1180,11457,109,18570,26,3065,34,3848,14,8573,16,4.741289785,442.2916598,15015,17412,7691,14772,10394,1132
1062,10543,120,16772,32,3280,114,4039,28,7964,19,4.585781796,470.1813475,14107,21421,6885,11614,10026,1271
1045,12672,130,19997,15,3352,28,4106,10,8486,24,4.279413518,451.7590447,13808,20269,6653,19877,10586,1232
958,10565,134,16566,22,3090,34,3475,8,7439,14,4.473586148,462.1701507,13078,18895,6692,12400,9622,1154
640,11413,99,17038,8,3177,32,3692,10,7934,8,4.817268941,468.5868914,14593,18575,6587,10848,9695,1309
588,10871,106,15984,10,2591,27,3459,6,7548,8,4.817012754,463.9138913,13655,17589,6686,10640,9161,1225
931,9724,83,15514,15,2845,37,3351,10,7296,20,4.417074936,452.6458518,13068,19213,6384,11836,10017,1094
861,9954,93,15649,18,2818,40,3226,17,7143,7,4.13222677,453.1788667,12951,17554,7519,19976,9150,1135
758,9265,85,14587,16,2592,14,3047,8,6551,4,3.763542964,443.1739173,12406,19815,6819,23882,9609,1666
486,7763,85,11896,13,2026,26,2453,2,5279,4,4.174895919,429.7640703,10429,15971,6178,10390,8526,877
416,7354,47,11306,9,2133,12,2241,3,4883,0,4.210524101,429.5274898,9920,14996,6002,10679,7851,906
682,9322,74,13771,26,2766,21,2824,4,6467,3,4.578247128,450.7209687,11782,16741,7240,9914,8954,1082
655,10077,76,14887,7,3124,26,3434,3,6975,1,4.77209123,453.8087079,12982,16238,7662,10190,9517,1161
866,11628,100,17161,11,3416,50,4191,4,7916,25,4.776117484,461.8250674,14467,20051,8493,10193,9758,1305
1045,12140,125,18018,16,3423,43,4136,6,8638,16,4.831090552,453.9865781,15652,19413,8500,11164,9873,1343
814,11597,105,17267,14,3197,28,3973,8,8145,11,4.605462729,460.75977,15558,20320,7545,12819,9547,1398
587,9382,78,14474,6,2618,12,3005,11,6086,7,4.612712701,445.8770238,12930,18243,6897,7248,7739,1171
610,9949,66,14773,10,998,17,3235,5,7024,5,5.566726257,483.6160581,12895,15739,7951,1980,5884,1038
876,8073,54,13510,8,1003,17,3392,2,5762,5,5.629747747,447.3932729,14499,13641,8962,2160,6526,1177
624,9606,69,14598,11,917,18,3579,6,7140,3,6.025310137,478.8512044,13190,11984,8025,1507,5964,1078
1160,11251,109,17369,13,1208,21,3449,5,8485,22,5.480002247,449.9940412,18131,14938,7559,6204,7545,1330
1072,10991,81,16937,9,1182,24,3601,3,8653,12,5.662042754,462.6669664,17435,14622,7745,5207,8231,1329
891,10501,105,15876,11,792,23,3418,5,7717,9,5.145016942,442.2863742,15391,12384,8123,12044,8185,1267
1002,11299,96,17006,22,932,16,3537,3,8008,11,5.339037885,453.4452894,16636,13000,8505,9419,8274,1376
1007,11966,97,17744,10,835,31,3822,6,8318,8,4.263837087,451.914378,18308,13127,8194,30174,8880,1973
782,14675,101,20463,14,920,29,4283,3,9209,10,5.27263894,468.9254619,21737,13994,8790,13857,10077,1768
848,14834,91,20693,14,1098,22,3530,2,9440,4,5.820880013,445.8776672,22110,13555,9263,8995,10244,1627
1218,13584,113,20237,12,997,31,3935,3,9494,19,5.587672394,465.1953196,20480,15489,9153,8216,9548,1526
1170,13482,134,19681,22,2473,86,4433,24,9934,8,4.939590472,430.7277843,19816,23405,8659,11633,9041,1645
1057,12953,110,18814,14,1289,48,4353,11,9214,14,5.390639939,454.8290005,18230,17207,8537,7586,8989,1493
1073,13167,108,19096,20,1061,45,4065,2,8903,7,5.347362993,449.7255134,17596,17083,10283,8918,9310,1514
1425,12864,120,18725,22,880,39,4022,4,8545,17,5.510809877,467.1350374,17214,14230,10451,7670,9587,1712
938,14933,128,20890,14,1053,55,4575,5,9776,5,5.827314659,467.6016927,19930,13446,11986,8951,10845,1819
774,14263,87,19743,16,942,39,4127,4,8963,5,5.706532866,457.1550191,19443,12030,11582,8953,10134,1584
1581,13627,121,20564,13,990,27,3988,2,9438,16,5.489581841,454.6431646,19721,14468,11277,8992,9747,1515
1221,13996,159,20383,33,983,71,4393,10,9675,9,5.623403289,474.0480762,17608,14359,11188,8063,9412,1472
981,13789,134,19679,7,1855,47,3982,10,9619,15,5.716680122,480.0283116,16938,14310,10547,7113,8868,1327
1272,14688,113,21056,17,3111,53,4566,3,9460,12,5.778563093,475.63832,19012,14855,10985,7157,9696,1537
1020,13971,112,20044,15,2938,37,3983,4,9137,18,5.646232871,472.7485203,18054,14092,10503,7818,9514,1549
833,15583,138,21681,14,3325,39,4310,4,9742,14,5.967028782,486.0755411,18970,13640,11869,7206,9961,1654
889,16171,143,22193,20,3418,38,4726,6,10147,6,5.983622781,463.759594,20305,13466,12307,8204,10169,1746
1286,13841,141,20437,17,3142,66,4696,15,9564,24,5.265682994,482.3011872,17124,15119,11181,13454,8963,1448
1695,14718,120,21286,29,3449,80,4670,5,9974,8,5.201976244,436.3901679,17247,15960,11076,10350,9296,1521
1295,13017,159,19275,16,3023,39,4127,6,8708,14,5.204518317,472.4447654,15487,15803,10734,8305,8527,1449
1080,13048,116,19562,12,2920,32,4027,16,8814,16,5.26741795,458.9021777,16037,14782,11148,10042,9074,1432
1074,13566,120,20317,37,6952,49,4415,7,9173,9,5.173770342,448.0186122,15336,14300,10901,8936,8649,1711
895,15345,146,21703,20,6604,52,5047,6,10125,19,5.45458734,462.3320799,16800,13397,12389,10168,9493,1884
840,14375,138,20512,21,4167,37,4503,7,10012,12,5.640768129,474.7628251,17097,12302,12554,8721,8760,1545
1282,12727,136,19406,18,4027,64,4304,11,9655,31,5.090693994,470.8981377,15938,14968,11308,12150,7773,1299
1237,12547,117,19077,16,4965,78,4441,18,10178,17,5.169693067,480.3856484,14846,15156,10608,13985,7928,1896
990,12418,119,20183,21,4465,52,4027,8,9417,5,5.374692489,464.7558027,15836,15230,10716,10477,8270,1258
1143,12642,120,20115,15,4234,44,4382,4,9479,9,4.575399828,459.3796264,16117,15592,11071,24048,10701,1503
1154,12616,136,19234,12,4112,64,4407,7,8855,10,5.106000124,452.3375984,15870,14970,10908,14238,8024,1371
891,14821,127,21736,19,4519,49,4910,6,10225,6,5.129845873,473.9572587,17562,16012,12439,17228,9162,1501
835,16507,124,23608,22,4700,43,4779,13,10719,3,5.246785502,449.6328372,21472,15695,13225,17964,10725,1692
1177,13829,156,21188,16,4597,50,4615,7,9686,18,4.470240924,457.1954304,18226,17229,11779,27345,16014,2184
1570,13582,134,19214,24,4411,65,5119,15,9921,10,4.61209872,465.4240202,17195,20118,11760,22031,11933,1429
1086,14159,148,19826,15,4353,73,5272,9,10141,20,4.179624636,455.8630935,17183,18743,12091,34905,15240,1553
1292,20057,114,20428,13,4187,50,4965,5,10453,11,4.588061647,459.8171714,16979,18768,12012,24243,13380,1404
1289,24948,150,22190,20,4364,57,5179,6,11225,12,4.67044744,458.3363407,16612,17556,11725,24724,12587,1455
993,29258,141,24080,18,4726,54,5437,7,12746,14,4.994917392,467.4533882,18614,17521,13043,23930,12355,1735
1032,27025,115,22118,27,4509,49,5148,11,11449,3,4.828342419,451.1280993,18073,16016,11904,25430,13750,1521
1352,32439,196,27263,22,5591,64,6265,8,13478,8,4.872908885,443.1790961,20679,16747,9615,28686,15067,1919
1406,27416,203,24724,29,4989,91,5698,14,11784,7,4.653747313,449.3803367,18172,17258,8563,24776,13616,1732
1546,24456,191,22540,18,4564,62,4662,6,11013,4,4.226612461,435.7899972,18953,18309,7723,28798,10377,1425
1455,24846,134,22386,25,4131,38,5351,4,10927,17,2.960893284,452.5361052,19850,18347,7108,89335,12620,1416
1524,24818,112,22522,16,4097,33,5186,4,11234,15,4.125052668,454.6142231,19928,16924,7417,38099,11083,1468
1112,29009,134,24463,17,4502,67,5419,3,12596,10,4.512622185,471.943712,20656,17705,8832,34241,11775,1587
1171,29341,124,24257,17,4479,48,4915,14,12998,3,4.610363504,459.6738218,21223,16108,8715,33933,12340,1695
1565,24521,146,22526,13,4300,64,4952,5,12181,20,4.489039412,461.6903085,19815,17868,7616,30800,11955,1407
1464,23646,151,23311,28,4062,81,4916,27,11430,33,4.343979656,464.3162655,19628,17369,6947,32144,10875,1387
1260,22588,151,23097,19,4027,67,4729,11,11136,28,3.941157522,453.8215355,18813,17061,7187,40439,12736,1490
1175,23298,134,23210,19,4067,48,4826,14,11411,5,3.994155654,450.3173671,18848,16675,7436,39733,12861,1606
1382,21796,109,22210,8,3731,45,4611,9,10230,18,3.765560959,439.5452093,18246,15737,7407,43098,12577,1535
972,26691,139,25561,18,4499,62,4948,8,11771,3,4.142711498,462.2764966,20736,16703,8045,41966,14094,1784
985,26230,141,25362,22,4722,50,5175,8,12213,7,4.180594539,464.1299382,20161,17031,7681,40922,13811,1763
1265,23067,147,23589,13,5150,59,5514,8,11648,17,4.383929213,456.0102377,19293,18852,7411,27907,13452,1559
1543,23074,133,23198,18,6184,30,5208,10,11983,23,4.543818037,460.3801725,19231,20219,7366,23682,11821,1417
1588,21329,109,21532,17,4320,68,4429,6,10770,12,4.443715525,455.2603268,18233,17638,6981,22516,11062,1333
1278,24100,147,23330,26,4129,99,4973,29,12361,15,4.741850718,476.6763635,19421,17444,7063,22152,11418,1349
1342,24160,155,23786,10,3791,35,5066,8,11527,11,4.581765038,461.4684972,19935,17420,7971,23827,11982,1296
1159,28863,141,26503,20,4171,55,5499,5,13131,7,4.930137806,480.3841029,21766,17139,9072,22695,12732,1703
1122,26028,120,24806,19,4164,42,5313,7,12463,6,4.780010212,465.1937892,20389,15553,8642,24879,12442,1594
1916,24633,145,25170,27,4067,62,5385,7,12670,15,4.665813185,466.7726479,20404,18967,8254,24436,15247,1436
1748,24357,156,24727,36,4046,100,5462,25,12152,18,4.460636734,467.052334,20065,18829,8441,26968,15963,1558
1372,22926,154,23741,20,3889,72,5280,10,11771,14,4.448632623,460.1279512,19685,18024,8169,25474,12125,1479
1466,23243,143,23880,20,3600,66,5020,9,12139,14,4.557114752,463.073256,19554,18153,8678,24528,12359,1538
1307,23116,148,24063,18,3486,65,5113,11,11276,19,4.289855417,451.5005675,19574,18456,8950,27986,15288,1487
1269,27627,158,26614,19,3899,53,5695,11,12986,9,4.48521262,471.6242827,21553,18902,9887,31043,12718,1670
1284,26700,163,25567,21,4104,44,5572,6,12425,4,4.318941817,463.0083302,20862,16131,9446,37502,12632,1582
1613,25214,145,25533,15,3906,50,5921,1,12470,12,4.143584721,467.9370693,20467,20323,9302,36490,12420,1468
1486,24216,135,24340,19,3838,45,5643,9,12022,13,4.212512435,474.493508,19743,18478,8753,33816,12094,1437
1438,23779,135,23767,21,3791,44,5546,6,11670,15,4.0602289,466.3873532,18853,18850,8889,36623,11931,1371
1241,23641,158,24089,19,3724,59,5558,8,11648,12,4.106341778,454.6644168,19680,17700,9020,36983,12243,1525
1794,22898,152,23636,16,3583,54,5570,0,11094,18,3.977015676,456.4066909,19248,17799,8783,40456,16403,1439
1106,24299,142,24337,21,3685,40,5245,5,11480,19,4.075051423,451.9743473,19654,17124,9861,37830,13230,1609
1176,25028,139,24193,16,3689,61,5426,6,12029,4,4.134411453,452.2519103,19421,16466,10064,39080,12639,1500
1485,22981,142,23972,16,3685,76,5589,6,11003,11,4.217734575,449.4793691,19264,17477,9756,31515,12252,1390
1520,22551,140,23398,27,4061,94,5545,27,11309,43,4.134905692,453.8865079,18523,17725,9775,34243,12512,1358
1565,23087,160,23861,17,3746,75,6061,7,11689,8,4.046898025,455.6140291,19244,19000,9386,35362,11947,1430
1477,22189,140,22632,13,3479,79,5482,8,10861,12,4.069787847,447.9347457,18001,17831,9567,33853,11268,1331
1462,23468,135,23607,17,3659,59,5992,8,11060,24,3.972029713,460.0070774,19304,18515,9569,39230,15125,1433
1089,26945,134,25571,15,3843,63,5815,19,12356,16,4.239225705,463.621852,20962,18476,9841,37283,14112,1529
1071,26707,138,25412,14,3850,61,6244,6,12898,6,4.301860173,467.6738565,19812,18248,10377,37352,13016,1556
1481,22524,145,23367,13,3511,80,5837,8,10795,28,3.650999583,464.0263999,17540,17718,9552,51026,31217,1299
1433,20990,98,21791,15,3425,60,5010,6,10462,22,3.175890285,459.4553206,16793,17603,9077,73255,25101,1167
1489,20646,121,22140,16,3606,91,4894,8,10600,15,3.177273486,450.5999355,19645,18514,4810,66790,11010,1132
1496,20275,123,21205,16,5378,52,5178,5,12082,13,4.046576348,457.5951358,17587,17636,8589,31758,11540,1111
989,22940,103,22400,19,4317,59,5345,8,11868,14,4.707594802,474.6622308,17856,16128,10199,22250,11077,1202
1042,22923,117,22444,15,3905,50,5341,9,11485,15,4.669077758,471.3275025,17367,16136,10180,21925,11047,1199
1307,21669,106,21041,35,3624,43,4801,8,10809,5,4.663694304,463.2612782,16432,14149,10075,21346,10667,1125
1307,22355,97,22896,4,4047,52,5028,11,12060,24,4.389417601,454.823066,17671,16267,10532,28185,11987,1289
1348,20393,111,20489,22,3740,65,5126,17,9270,29,4.213348181,460.1915261,16052,15731,9672,29790,10349,1068
1566,22256,148,21628,20,7869,67,5364,7,10132,24,4.066773295,443.7370696,15725,21701,9918,32615,10945,1214
1721,24545,209,24319,16,10928,91,6006,4,10098,23,4.1523757,426.4802481,15961,19513,9818,32171,11266,1445
1560,23506,155,24010,25,13771,81,5906,11,9663,12,3.742118648,425.0853402,16339,18642,9900,44057,15318,1485
1071,22420,137,21716,17,6058,60,5257,6,9337,12,4.158851943,448.8025902,16777,15457,10132,33201,11580,1339
1216,24144,112,23051,22,5006,61,5902,9,10382,5,4.312005873,458.6419099,18298,15801,11934,32872,12388,1385
1470,23061,161,23236,26,7774,90,6196,6,10091,19,4.254704494,444.5325638,17488,20895,11344,30534,13014,1404
1380,22194,139,22278,15,6121,82,5816,5,9788,19,4.04021805,450.3849796,16220,20047,11214,32951,15169,1291
1408,22518,123,23319,11,5931,62,6173,8,10220,10,3.980582832,437.2752023,16194,24131,11083,33116,12465,1288
1583,23789,131,24127,14,5609,61,5616,6,10710,23,3.905542998,428.7714839,16862,22183,11087,39426,13020,1475
1577,22792,142,22859,24,4867,61,4643,8,9555,16,3.643114228,424.7228125,16620,18803,10586,46497,12768,1387
1208,23686,148,23458,24,4436,68,4680,7,10326,19,4.182757198,434.7705606,16905,15655,10789,37163,13279,1437
1282,24514,127,23995,17,4099,65,4731,7,10650,3,4.405950197,435.5382896,17804,16046,11448,31317,13128,1400
1553,22464,156,22579,30,5037,71,4608,16,9965,16,4.37449448,439.3341987,15829,16878,11582,27265,12755,1267
741,23675,189,24102,15,6186,162,5021,24,10469,12,4.361350295,435.6606754,16390,18992,11563,28308,13308,1279
1395,23690,167,23477,22,6335,95,4812,12,10434,8,4.460031839,451.524445,16905,18692,11532,26187,13420,1307
1557,22757,167,22972,14,4880,84,5090,7,9880,36,3.929259574,454.33198,15868,19524,12432,38181,19458,1377
1429,22530,156,22489,21,4693,58,4617,12,9565,14,3.875378272,484.6152084,15969,27945,12310,30257,15700,1418
1405,24927,141,23866,14,5826,56,5097,14,10130,11,4.273832381,499.9379333,15876,23699,13495,26995,14328,1562
1470,27474,151,25261,13,5281,70,5465,24,11189,7,4.628985638,489.0067923,16752,18859,14438,28986,15290,1546
2137,23158,180,23395,20,5054,74,4998,10,10485,19,4.3172781,471.7310938,15491,19749,12765,27781,15627,1262
1599,21509,143,22125,10,5264,69,4838,12,9990,11,4.278250108,457.1385788,14287,19255,12154,25978,13225,1266
1509,21752,137,22331,18,4884,80,4867,11,9973,15,3.965908715,456.2186514,14961,19330,12413,35142,20581,1357
1552,20140,138,20873,12,4394,75,4343,11,9076,25,4.269226436,460.7067988,14271,18288,11864,27081,15787,1342
1446,21714,141,21814,15,4715,64,4625,9,9356,14,3.448096137,450.8670548,15877,55217,12490,24944,13546,1373
1253,23302,120,22212,14,6625,64,4579,7,10681,11,3.375708303,473.6567863,15198,30377,12976,51492,24098,1354
1163,21566,144,20797,13,5211,51,3937,7,9439,2,3.706541223,454.7208182,14368,20832,12703,39771,13757,1252
1723,22001,143,22405,15,6140,56,4757,13,9972,13,4.158942287,454.4081246,14826,24013,12440,27058,13597,1232
1717,20725,155,20823,18,5162,111,4258,25,9615,36,4.163607304,457.2796633,14204,21962,11780,26167,14277,1290
1927,22293,160,23002,21,7023,71,4258,17,9702,39,4.335567668,438.2632045,15079,20737,11781,24932,14163,1390
1656,18472,103,19533,17,6517,49,4658,8,8435,23,3.67959762,434.7196823,12851,17940,10304,35427,13230,1074
1530,20154,134,21149,13,5272,70,5113,12,8968,22,4.030184454,427.6669818,13884,18427,11284,28436,15529,1496
1145,22826,142,22365,23,5038,58,5291,14,9826,8,4.453225603,445.5163582,14621,17529,12546,24093,14890,1376
1106,21086,109,20692,31,2819,45,4590,7,9940,3,4.444899659,434.6662746,13834,15689,11941,23848,13180,1208
1638,20988,132,21984,17,4823,66,5246,20,9976,24,3.880785201,389.365708,14995,19644,12200,22368,13686,1313
1700,20696,140,21685,11,4354,62,5678,16,9421,43,4.217108471,423.7228021,14568,19780,12010,23294,12988,1252
1678,19983,131,21070,22,4771,64,5153,12,9054,18,4.223630076,428.3147416,14329,20112,11468,22822,13335,1189
1417,18360,113,19667,9,4282,51,4660,11,8534,23,4.186907034,426.0783581,13610,19268,10952,21360,12963,1200
1202,17888,120,18749,7,4283,62,4428,18,7391,22,4.225757705,418.796305,13746,17135,11168,19469,12339,1096
1108,18290,126,18741,15,3887,39,4221,7,8104,14,4.241794576,415.4087651,13807,15757,11576,20782,12695,1137
918,19907,110,19815,13,3959,64,4824,11,8316,5,4.337181501,424.6327792,14671,15401,12021,22978,13204,1171
1611,19617,140,20612,21,4263,53,5284,11,8849,18,4.310467096,422.4117529,15475,18680,11958,23207,13603,1155
1541,19747,112,20602,19,4251,56,5361,22,8735,20,4.227925714,418.9102928,16871,17548,12799,23028,13509,1182
2756,19322,136,20584,21,5139,74,4790,16,8754,11,4.004706946,428.9888207,30761,28976,15297,23009,14583,1309
10686,20205,125,22909,21,4841,87,5041,12,8996,20,3.804709183,404.398362,36051,34994,17908,24624,17355,1251
3622,16868,146,18814,17,3778,65,3713,24,7090,23,4.160636094,394.1554026,21851,22134,13421,20618,14021,1182
1448,19461,150,20289,21,3907,44,4428,13,8320,12,4.0551182,405.9321225,22555,18971,13447,22069,13978,1170
1482,19543,128,20402,12,3754,44,4362,12,8718,6,4.191710092,408.9362294,21143,16874,13607,22410,13776,1247
1395,19936,121,20361,16,3945,59,4874,16,11026,4,4.240717448,423.8317117,19052,17081,13135,23733,14132,1184
2004,19898,149,21392,17,4521,92,5741,10,13447,26,4.332412468,430.6141309,19393,18418,13169,21841,14194,1144
2154,19473,68,21174,15,4250,25,5465,9,12791,23,4.204435351,427.4128897,19346,19407,12823,22081,13413,1133
1938,18477,128,20155,12,4261,56,5308,13,12183,19,3.925236636,412.0696256,18729,21006,12743,24762,14753,1175
1740,18608,139,20460,18,4014,74,5159,14,12148,30,3.830433892,412.9939239,19778,21867,13117,28148,14358,1242
1211,19163,126,19773,13,3784,53,4744,7,11987,23,3.878825876,413.3060795,18278,16464,13252,30939,13854,1223
1181,19421,201,20612,16,3900,74,4637,10,12221,6,3.824541766,406.7182058,18094,15534,13097,37533,13946,1278
1782,18841,161,20687,23,5331,94,5472,9,12751,29,3.555957136,412.2347914,18491,19361,12702,42596,15206,1173
1550,17799,147,20394,22,5813,114,5600,41,13003,17,4.158299816,407.0573018,16728,20421,12368,22541,17244,1314
1609,17064,143,18917,20,4049,83,4671,9,11376,21,4.008500049,408.5215264,15880,17949,11646,25397,14490,1099
1424,18450,165,19387,18,3326,53,4651,10,11904,19,3.88673249,406.0314295,18095,17735,12413,23989,14750,1049
1252,17671,117,18284,28,3394,39,459,9,9100,28,3.789259384,385.7511402,16953,16745,11894,25915,13254,1070
1017,18962,133,18946,20,3015,40,4260,5,11377,30,4.017745198,418.2954311,16186,15030,12330,26358,13364,1035
962,18960,136,18715,16,3003,64,4177,8,11295,2,4.055401308,413.5475694,16235,14515,12207,26154,13803,1008
1401,18500,147,19201,17,3469,85,5077,24,11999,25,3.776117701,414.1348459,17054,16367,12158,33070,13682,1063
1610,48279,420,47533,38,3970,55,5224,8,41875,22,4.310752546,452.6870253,40250,49382,16229,31903,14269,1165
1904,32339,331,32591,24,3469,71,5025,9,25919,21,5.287874107,455.5399295,27369,26450,13430,25361,13635,1077
1950,26998,236,28362,27,3303,50,4780,15,21408,14,5.025758719,443.2680195,23315,22578,13069,23628,12699,1105
1696,22925,229,24607,23,2951,57,4320,15,16936,16,4.739022494,429.7240871,21057,20048,12141,21374,12407,993
1307,21930,144,21861,10,2711,36,3821,5,15732,10,4.636670305,429.3206815,18898,16917,11522,23511,11892,946
1411,24751,91,24980,17,2544,31,4278,8,17391,2,4.981756396,437.5334389,21619,17437,12804,24410,12614,1081
2147,25686,240,26408,28,3409,106,5877,17,19561,14,4.851520962,443.2242448,21779,20226,12597,25691,13060,1091
1974,24173,243,25341,45,3425,168,5126,31,18056,29,4.770741392,434.6247532,20398,19486,12713,24444,12479,1067
1805,21652,169,22375,21,2818,54,4862,21,15992,9,4.683137984,431.0622628,18132,17653,11675,23130,11701,1024
1529,20009,129,20764,12,2748,59,4173,22,14139,8,4.487999062,422.3913523,16889,17564,11333,20378,11615,913
1758,20573,164,21651,13,2735,65,4192,9,14517,23,4.380236922,426.9248944,18164,18628,11496,22738,13394,1008
1483,20514,148,20558,21,2738,68,4076,7,14631,15,4.550615486,423.0688393,17308,15884,11566,21436,12834,1059
1515,20251,111,20621,14,2778,35,3822,9,14081,5,4.533896868,419.9007194,17657,15652,11730,22524,12686,1019
1919,22270,193,22894,20,3127,78,5000,15,17351,21,4.670430721,437.1915797,18714,17688,11655,23362,13761,1115
1999,21471,159,22236,22,2950,56,4519,25,16985,25,4.708467092,439.3310069,17762,18449,11761,20164,13462,1027
1638,16790,165,20154,18,2731,89,4210,26,13972,19,4.511481235,428.9932969,15954,16849,10676,20781,12198,923
1422,16315,48,20477,19,2725,83,3162,5,13501,6,4.578911304,439.9514419,16509,16875,10854,19253,12182,913
1466,17881,34,23229,25,3449,71,3228,15,14048,12,4.372992933,423.2421611,16357,18637,10782,22646,15787,1179
1439,18126,34,23112,16,3486,66,3565,12,14286,8,4.55567283,439.4475897,18025,17837,11594,22390,14745,1169
1334,17017,35,21735,19,3020,41,3950,8,14486,3,4.497887478,433.46157,17205,17077,11205,22730,13447,1018
1727,18170,35,23835,13,2968,100,4447,11,15537,32,4.604351995,438.2723309,18206,18379,11382,24574,13689,902
1763,17282,21,22085,24,2804,49,3324,21,14436,16,4.594899557,438.14395,17835,18310,11016,24624,14085,1062
1611,16178,14,21517,13,2923,62,3623,7,13638,15,4.509444895,426.1724294,17333,16844,10976,23579,13696,1084
1483,16057,20,20774,21,3996,44,3863,1,13972,13,4.431267228,428.3418907,15804,19408,10301,22616,13147,1013
1707,17501,29,23246,17,4306,53,4048,11,15045,24,5.131142406,416.8991707,17473,21353,11329,24925,16192,1220
1344,16465,33,21630,15,3224,61,4215,14,13865,26,4.867327882,421.3712119,16227,19412,10904,23322,15509,1187
1381,17940,32,23040,28,3619,69,4357,11,14976,6,4.615097475,429.3987473,17598,17083,11187,25715,15460,1260
1735,17543,30,24014,20,3664,53,4462,11,15189,24,4.660636734,428.7963673,18675,19985,12411,27645,16644,1233
1815,18103,30,23543,30,4530,63,4160,8,15559,40,4.486884688,430.7671263,17528,20178,11720,28652,15940,1299
1531,18351,18,23627,23,4138,94,5435,14,15478,10,4.66468523,437.9086787,17322,19743,12251,25701,16603,1242
1611,18477,51,24045,23,3702,94,3789,8,15054,23,4.579542555,436.677039,17474,21311,12693,23967,17362,1212
1583,17205,48,22258,21,3843,62,3354,4,14179,19,4.525399455,430.7661992,16669,19093,11948,21556,15939,1204
1171,16179,23,20993,13,3252,59,2982,11,13041,15,4.519367451,425.6525312,15233,15774,11331,22981,15312,1149
1275,17838,33,22001,31,3332,87,4329,11,14219,5,4.585338521,437.1540698,16549,16897,12001,24954,16502,1275
1676,18141,23,23932,26,3541,87,5676,11,15520,31,4.618762668,439.9473389,17494,19092,12146,23883,15920,1187
1977,18839,41,24571,102,3641,84,5637,19,16435,10,4.796109865,438.7709012,18245,20074,12525,21931,16064,1375
1696,18201,35,24020,43,3380,60,5187,15,15921,26,4.689898778,436.6793539,18106,18363,12321,21952,16072,1234
1608,18845,22,26334,25,3548,79,5299,9,16770,19,4.681522394,429.076842,18627,20165,12800,24531,17444,1263
1699,19062,30,26271,27,5474,75,4923,10,15775,17,4.634792283,426.6503902,18425,18742,12261,23843,20629,1485
1324,18928,25,25787,20,4005,62,4603,6,15900,8,4.663587778,446.0151865,18646,17926,11861,24610,18964,1354
1515,18857,23,25752,10,1943,48,4448,11,16927,2,4.696197546,425.3475196,19394,17328,12161,25461,18700,1418
1842,19526,26,26728,16,3617,65,5716,12,17583,27,4.846873421,438.8368556,20142,19330,12257,22789,17256,1258
2006,19089,35,26138,25,3248,71,5530,9,17312,22,4.792578598,442.0970336,19897,19578,11331,22947,15927,1181
1893,17905,23,24701,23,3127,86,5262,10,15255,30,4.692376415,446.6296596,18371,18394,11436,22195,15028,1186
1467,17389,22,24017,11,3102,71,5151,10,14942,21,4.724241069,439.3929375,18203,18113,10997,21206,14448,1149
1640,16294,21,22539,25,2833,69,4660,11,13418,16,4.501893718,429.980857,17486,18251,10718,20589,14761,1060
1253,17248,23,23108,22,2916,39,4227,9,14072,9,4.687740715,443.7190456,16549,16500,11013,22235,14791,1151
1204,18195,23,23958,21,2976,54,4500,12,15433,3,4.798104414,438.2855014,18363,15694,10993,22760,15890,1245
1813,17475,28,24704,14,3092,92,4702,18,16141,35,4.795589368,429.6125212,19140,18369,11169,23100,16974,1164
1781,18447,29,25160,38,3329,113,5465,31,16714,18,4.718954404,448.8880057,18519,19380,11263,24953,17061,1199
1644,17094,22,23641,33,2853,72,4965,10,15167,23,4.697025236,431.4609774,17178,17478,10984,22812,16180,1085
1683,17619,20,23754,22,3101,74,5323,19,14644,26,4.654064464,439.0905091,17409,18423,11194,21995,16319,1243
1565,15692,32,21757,13,2711,65,4368,11,12995,13,4.439149434,430.1019067,16516,15377,9923,24591,15997,1056
1302,15829,20,21488,12,2618,72,4028,8,12438,11,4.664091885,435.6420898,15986,15151,9756,19714,13836,1052
1349,15712,14,20648,16,3135,68,4332,6,12683,12,4.731883217,443.0504438,16782,14834,10536,18491,14182,1113
1547,15925,22,21209,15,3213,91,4532,18,13878,14,4.732170824,444.0491821,16659,15340,10269,20576,13827,1064
1700,15962,30,21588,26,3751,95,4804,12,14480,30,4.564322876,443.1054723,16912,18981,10498,20100,13770,1008
1974,16153,23,21472,15,3895,82,5123,9,14615,19,4.771293203,430.4254622,17040,18401,10601,16559,14260,1053
2030,18374,19,24258,22,3756,99,5987,13,15076,18,4.586080339,427.6436254,16836,19882,10844,22349,17219,1202
1708,16459,20,21491,22,3147,85,4752,13,12866,26,4.60928528,427.943229,16545,16090,9813,19245,13893,1116
1564,16676,17,21865,19,2740,77,4428,9,13420,12,4.829128457,449.5715163,17215,16340,10646,17390,14148,1154
1510,17156,22,22210,20,3102,61,4870,10,13614,11,4.839893639,445.711114,17592,15987,10824,18972,14436,1174
1993,17868,24,23506,31,3481,175,5611,8,14816,19,4.199546946,440.0812666,19008,18273,11628,34909,14733,1117
1928,18436,30,23349,32,3146,224,5531,24,15228,16,4.955992293,443.3021515,18778,19133,11520,18657,13678,1195
1831,17716,26,22639,30,2939,234,5956,11,15500,18,4.705165091,442.5351507,18287,19034,11122,22343,14852,1167
1969,17197,18,21926,24,2753,204,5541,14,14388,23,4.072807536,432.4549302,17476,19500,11137,36789,14726,1118
1753,15671,28,20062,29,3124,192,5010,19,12856,18,4.597378227,423.8079571,16732,17374,10837,20302,14516,1090
1600,15317,19,19733,18,2813,127,4205,6,12665,15,4.792872271,433.7561303,16672,15064,10823,17774,13962,1107
1478,16608,24,20304,13,2949,140,4450,7,13334,4,4.832939043,438.6237948,16653,15616,11130,18727,14317,1131
1925,17881,18,22801,25,3144,182,5237,19,14943,24,4.688851439,449.4187325,18263,17744,11645,23473,14045,1107
1728,17624,29,22850,17,3228,215,5241,15,14787,19,4.821186086,445.417705,18081,17983,11582,21776,14553,1190
1782,17093,25,21660,27,3020,187,4838,10,14086,13,4.630647427,449.2575844,17508,17797,11238,22268,15066,1172
1803,16526,14,21301,23,3178,199,5272,6,13314,12,4.582666225,445.1537871,17189,19813,11789,20250,14193,1174
1751,15676,19,20377,15,2975,190,4524,8,12494,25,4.590828684,431.102908,16481,17013,11162,19921,13734,1145
1469,15911,21,19942,14,2838,140,4597,10,12603,10,4.74044372,436.6983102,16296,15434,11043,18736,13595,1148
1667,17589,21,21208,17,2462,131,4494,11,14734,2,4.853146096,444.5519298,17434,16254,11604,19591,13975,1156
1900,17837,28,22672,19,3461,210,5088,10,14937,19,5.101302589,446.0678241,18662,19408,12100,18971,13308,1171
1992,17542,29,22971,16,3096,233,5175,26,14550,26,4.95363278,445.3040968,18701,18151,11491,17486,13486,1176
1833,16275,21,21366,27,2509,202,5009,20,13535,18,4.795147214,438.4126717,17361,17336,10867,17833,12793,1154
1839,16128,17,21165,27,2513,216,4702,4,13509,19,4.767661367,439.6875596,16653,16628,11037,18634,12524,1116
1600,15193,23,19893,19,2519,174,4364,17,11843,19,4.664145409,435.0938422,16000,17387,10582,16698,12287,1070
1488,16096,23,20277,16,2433,168,4572,14,12860,24,4.761643678,446.5943044,15708,15866,10770,18259,12935,1134
1563,16746,23,20850,19,2468,157,4581,11,13397,6,4.800365374,439.1258794,16065,16014,11132,18806,13570,1197
2129,16507,15,21474,15,2618,225,5075,11,13475,27,4.838892567,443.5412503,16351,17863,11162,17289,12639,1069
1658,16030,30,21179,18,2776,222,3349,17,13041,31,4.893730321,446.6523351,15463,18175,10695,15147,12357,1005
1800,15067,16,20297,23,953,173,4709,8,13484,29,4.516295913,433.5411328,14480,15988,11053,23224,18252,989
1765,14936,23,19796,23,553,176,4433,9,12556,28,4.600748966,435.8455182,14564,16798,10759,18238,13275,978
1726,13919,19,18627,13,420,154,4012,7,10997,19,4.650607714,429.5308664,13974,14587,10314,16630,12169,995
1476,13968,14,18596,14,420,144,3747,6,11507,6,4.735975815,429.2868059,14170,12924,10574,16898,12240,982
1433,15318,24,19545,9,421,176,4441,14,11728,2,4.82935746,438.1521461,14675,13099,11045,18244,12664,1041
1777,16993,15,21310,19,564,193,4777,5,13612,12,4.922661311,444.1239269,16231,14413,11554,19918,13411,1147
1918,14833,28,20204,28,504,196,4839,20,13102,35,4.742420048,437.0745044,15110,15735,10949,17656,12316,966
2181,15163,16,20430,9,1290,173,5110,7,13216,32,4.665544822,434.7117159,15827,18168,10989,17015,12189,967
1982,15338,21,20219,19,2522,195,5039,9,12565,8,4.686283602,435.7379134,15850,17556,11181,17192,12451,909
1582,13893,23,19323,15,2887,141,4469,6,11428,16,4.454006362,428.7572724,15307,14848,10903,19613,12328,969
1575,14958,17,19654,11,2418,141,4175,13,11466,15,4.524543114,435.5000964,15401,13693,11317,22549,12797,1003
1826,16667,25,21154,22,2440,161,4949,10,12520,1,4.492112881,437.521184,17447,14289,12098,26110,13596,1153
1984,15818,14,21019,14,2596,195,5663,10,13328,37,4.550989539,442.725037,16261,16529,11645,24829,12815,1006
1955,15912,16,21072,21,2365,173,5194,13,12878,22,4.447714681,449.2170946,16538,17234,11132,23734,12549,981
2113,15578,31,20840,20,2275,166,5270,10,12879,24,4.573966746,436.0849893,16188,16007,11102,20860,12350,1003
1902,14250,29,19758,8,1824,113,4074,15,12270,22,4.418123922,430.3660209,16191,16542,10746,22509,12930,887
1955,14512,23,19702,20,2890,151,4691,10,11775,17,4.207490876,419.7770616,17040,15634,11167,25289,13241,1004
1722,15607,27,19851,15,2207,163,4496,9,12462,21,4.491369015,442.1309492,15455,14622,11106,24263,12945,1028
1705,16329,20,20666,17,2102,167,4686,11,12936,6,4.34946544,436.027201,16538,19989,11310,24177,13884,1038
1891,15351,26,20628,11,2263,150,5181,11,12753,20,4.325494089,436.8306154,15990,16617,10866,25801,15352,961
2129,15535,15,20770,16,2404,190,4987,22,12898,27,4.489975839,429.8225152,16193,16044,11446,25018,14027,1159
1946,16225,5,21535,18,2412,181,5448,28,13020,29,4.571879442,446.9636649,16284,16514,11320,23307,13021,1181
1871,15575,18,20938,16,2487,148,4719,14,12873,20,4.451983846,439.1711716,15670,16232,11310,23519,12914,1120
1867,14935,10,20130,14,2302,155,4748,13,12126,13,4.341633217,433.9287379,15539,14915,11227,22826,13089,1126
1580,15489,9,20463,15,2216,131,4446,10,12445,23,4.423097252,436.9117903,15443,13896,12111,24478,13294,1205
1835,17013,30,21474,20,2475,159,4733,13,13512,1,4.574640299,443.6959334,16560,14438,13044,25048,13361,1281
2085,16623,19,22413,30,2556,194,5512,13,13822,24,4.48762278,435.532626,16117,18742,12130,24335,13434,1426
2017,16217,27,21875,23,2575,157,3459,9,13061,16,4.365319927,432.3111962,15429,16683,11886,26449,12847,1209
2031,15532,20,20778,19,2301,221,5102,84,13680,23,4.515248523,461.1788938,14437,15708,11268,25590,12220,1239
2115,16334,27,21173,20,2313,167,5132,4,13949,13,4.516034342,444.42161,14947,15799,11602,22874,13172,1188
1660,15455,24,20633,16,2339,132,4939,7,14888,11,4.57924245,433.724806,16281,17405,11123,20157,12589,1090
1536,16591,15,21270,16,1966,159,5045,15,14148,19,4.885759664,456.0987069,16542,15057,11854,17835,13362,1060
1588,16815,26,21138,10,1999,138,5154,0,14248,4,4.861955594,455.8638446,16746,14826,11756,18824,13412,1109
2164,16443,27,21372,14,2388,204,5647,6,14481,26,4.744172217,456.6941954,16925,18221,12051,18385,13077,1036
1944,18228,59,22882,31,3996,184,4412,12,15369,16,4.895365386,436.4210491,17229,18091,11732,19302,12251,1145
1860,17356,62,22570,23,3171,164,5758,8,15479,32,3.41649557,446.0973956,17124,18792,11582,68919,12450,1009
1706,15948,61,21104,18,2574,137,5188,9,13805,9,3.034309797,444.879172,16917,18063,11328,92661,12789,981
1627,15388,53,20663,22,2309,143,5061,10,13460,18,3.71910753,440.2343816,16664,17045,10858,50751,12685,997
1477,16460,39,21210,18,2385,146,4609,14,13999,5,4.031650082,447.5011097,16655,15559,11734,40802,13209,1066
1576,16574,52,21028,26,2174,129,4596,12,13815,1,4.194415719,437.8573734,16959,15865,11575,31230,13132,983
1640,17952,46,23375,30,2487,156,5618,11,14603,6,4.445255474,430.0263918,17489,18229,12165,26453,13347,1005
2354,18005,65,23699,25,2429,159,6062,14,14925,34,4.459659157,448.4393111,18686,21494,10666,23336,12946,940
2817,20310,57,26830,45,3878,255,8432,24,16892,19,4.546220092,442.2707989,19029,19891,11184,24938,12896,1064
2136,18974,61,24904,22,3010,187,6627,18,16132,23,4.539579286,452.003013,19284,20688,10738,23540,12871,1045
1892,17562,75,23489,26,2380,180,5725,20,14642,24,4.51931825,453.9969494,18659,18938,10929,22905,12561,974
1782,19962,50,24723,27,2622,170,6042,12,16759,6,4.698300745,472.25231,20397,19666,10525,24063,12138,991
1935,18246,50,22877,16,2477,256,5315,16,15387,15,4.657901814,451.6656766,20126,16766,10232,24503,11689,1014
2271,18619,60,25518,30,2454,199,6214,14,15519,31,4.559991687,443.8414144,20400,22901,9579,22648,12139,970
2134,17586,87,23126,34,2495,186,6940,27,15473,20,4.712161543,467.7289059,19918,19162,8771,21902,13760,1081
2030,17821,60,22894,29,2244,176,7162,19,15528,15,4.853814264,468.6323251,20164,18384,8796,20183,12694,1075
1847,20665,74,26241,21,2346,208,7458,15,17293,11,4.966027023,465.542162,22168,22366,8918,20440,13471,1182
2040,18655,62,23331,44,2338,162,6848,28,15648,23,4.332696381,457.7849763,20221,18319,9412,32267,13425,1094
1861,19331,68,23809,24,2165,180,6461,14,16662,6,4.826923548,471.5102694,21043,18225,9338,21675,13535,1106
1949,19009,59,23241,27,1976,172,6299,11,16558,3,4.862287923,462.2003011,20531,16490,9571,22731,13764,1234
2312,20364,67,25860,29,2422,191,7968,19,18210,25,4.88471859,470.0123823,20989,20619,11490,22779,14343,1160
1983,18841,62,24036,28,2257,201,7293,18,15950,38,4.720633177,465.2303071,20649,19012,10566,21925,14061,1192
1685,17302,80,22245,28,2067,180,6593,25,14898,18,4.484319929,464.5588018,18276,18490,9942,24401,13655,1094
1776,17165,54,22166,34,1984,175,6530,25,14613,20,4.648283943,459.1243043,17982,18712,9715,21143,13173,1063
1565,16268,68,21262,21,1978,142,6241,14,13965,18,4.519431036,455.7395221,17032,18162,9824,21811,13724,1060
1583,18749,38,22868,22,2073,172,6534,13,14956,53,4.564864545,472.099096,18585,22013,10144,23011,14265,1192
1639,17387,48,20975,37,2044,148,5958,18,14236,2,3.908129141,473.2779616,17031,16208,9747,41875,15952,1086
2009,17734,66,22998,27,2932,213,6955,19,15359,33,4.679297109,449.8388494,19593,19961,10469,21219,13476,1158
1923,18034,56,23628,22,3063,219,7003,25,16419,29,4.571121163,452.4832849,19742,19802,10861,23936,14597,1187
1850,17803,50,23062,25,2967,208,6519,20,15849,15,4.687509405,441.5185093,19828,21942,10510,21302,14976,1275
1887,17448,51,23638,37,2642,176,6000,15,15239,29,4.517206611,437.701733,19701,21155,10203,20305,14112,1072
1676,16312,39,21432,17,2237,200,5571,18,14351,19,4.425338527,445.9215652,18983,18476,9704,21383,14971,1086
1672,18940,36,23571,24,2278,140,5883,9,15329,12,4.633622407,456.1393658,20512,17932,10530,22537,17566,1396
1767,19242,37,23740,31,2209,164,6320,13,17046,0,4.686127403,453.7704976,21072,17770,10381,22752,17970,1298
2019,17950,51,23377,30,2381,183,6432,21,15957,46,4.277080524,453.3327103,20346,18598,10260,28411,17569,1181
1868,18772,61,24277,44,2434,187,6634,11,16413,23,4.754129255,451.4398295,20758,19544,9831,19796,15774,1157
1769,17657,59,22450,29,2591,166,5805,22,15521,23,4.726343664,455.6161424,22937,19033,4564,17899,14123,1051
1787,18496,52,23634,23,2570,131,6524,18,16119,18,4.779300765,459.6841475,22291,18649,8314,18933,15677,1226
1761,17714,44,22897,24,2360,164,6065,16,15148,23,4.735720353,449.0046807,19492,18440,10365,17473,15197,1173
1465,18205,39,23540,21,2326,162,5657,16,15494,14,4.552177008,456.6261481,20231,21701,9624,19866,15386,1181
1840,19046,55,23785,32,2338,163,5276,21,17138,3,4.819688074,456.2698978,20940,17289,9793,21115,15618,1185
1969,17455,17,22622,18,2414,162,319,10,14635,30,4.903295719,439.6046764,20154,18786,9228,21695,14764,1131
1839,14628,78,19705,32,2239,173,6207,14,14539,62,4.631202608,436.4682135,18939,19186,8658,21144,14175,1079
1664,16516,73,21855,19,2174,159,5817,14,15462,19,4.794898374,459.6931132,18601,17248,8847,19087,14081,939
1646,16897,62,22787,12,2197,194,5968,12,14467,14,4.484806613,448.3322287,18732,19575,9181,20878,14198,1009
1608,15542,64,20655,18,2128,147,5666,15,14023,13,4.536798387,460.2947198,17732,17072,8699,19303,13929,971
2247,18010,52,22718,27,2236,183,5627,8,14440,15,4.579217995,447.6094239,18675,17052,9071,20252,14403,1086
1814,17858,58,22231,19,2214,184,5585,13,15149,2,4.633772479,462.0008639,19060,16382,9289,21160,14572,1095
1747,16856,70,22179,17,2273,187,5905,43,14797,28,4.70257297,458.2338996,18101,17815,9293,18335,13784,1005
1714,16332,84,21584,21,2161,181,6114,16,13966,46,4.750006742,459.753269,17714,17643,8817,16553,13644,939
2231,16418,68,21686,26,2232,162,5594,9,14143,30,4.413362764,438.680281,17889,19378,8958,17112,13419,1020
1620,15865,46,21117,29,2176,165,5362,14,13288,10,4.641032255,448.1947552,16336,17133,10023,15555,13154,1060
1558,16670,57,21858,20,2192,192,5158,14,13155,21,4.605863318,445.8231264,15751,15946,9226,16188,18185,1451
1406,16848,46,21670,25,2090,155,5139,14,13913,13,4.191870447,455.2911132,15596,16134,10078,27462,16142,1278
1533,16297,60,20654,27,2134,132,5410,14,13791,6,4.83906556,452.2892985,16401,15125,9740,15310,14234,1044
1590,16173,51,21399,24,2149,193,5716,14,14001,37,4.759127458,459.7892593,14973,16823,11641,16053,13950,1155
2022,15812,56,21238,31,2057,195,5334,25,13816,17,4.917530419,462.2968652,14088,16616,12219,14228,13774,1084
1657,14614,53,19102,24,2281,198,4695,11,12913,17,5.140820345,464.901,13738,15277,12739,11978,13235,1108
1638,14801,56,19748,27,2015,151,4762,7,12823,21,4.846656769,452.0320398,14552,15322,12268,15642,14003,1057
1559,14782,41,19801,13,2307,163,4305,10,12200,13,4.944078851,455.5044187,13884,14660,12648,14740,13432,1084
1346,15727,58,20590,21,2376,147,4373,17,12665,16,5.082440476,458.3121561,14470,13915,12568,14120,13739,1173
1213,16111,47,20857,16,2314,120,4702,11,13236,4,5.072742712,464.6448742,14813,13941,12336,13965,13365,1132
2019,15895,52,21765,20,2484,195,4975,17,12837,18,4.93203829,459.225176,15928,16024,11648,15320,13121,1002
2877,18941,63,24968,20,2877,237,6084,7,14048,21,5.171666901,465.6419233,15903,16033,11382,13337,12358,1089
5154,15923,66,20984,23,2754,143,4254,4,12791,32,4.685142387,463.1790621,15615,16201,10647,16913,12057,1047
2160,14238,56,19321,28,2396,157,4935,16,11835,40,4.831967813,451.1972391,15004,15461,10659,13500,10980,1060
1390,13930,49,18945,18,2132,130,4428,16,11305,12,4.939051811,452.2340519,14183,14381,10559,11780,11107,966
1012,15027,33,19533,28,2249,126,4121,5,11948,5,5.107842828,452.9865628,14873,13659,10582,12673,12348,1054
983,14406,33,18666,20,2125,142,4047,6,11629,3,5.122391015,455.3123433,14374,13468,10671,11806,11759,1050
1391,14916,39,20006,24,2070,177,4863,13,12014,15,4.86023912,449.484643,15630,15771,10257,12434,11835,962
1388,14585,40,19702,23,2024,155,4813,11,11758,14,4.897569793,453.7209276,15026,15018,9921,11412,11124,922
1261,13826,55,18904,20,2090,159,4322,16,11252,16,4.870061372,455.6816458,14936,14384,8680,11959,10246,923
1112,13696,63,19320,22,1749,163,4598,9,11899,16,4.859988181,454.3565641,14419,15079,9368,12269,9711,924
1080,13184,70,18186,21,1599,112,4199,9,11400,14,4.721355999,452.7203776,13725,13419,9315,14175,9543,819
840,14740,39,19375,16,1754,127,4663,7,12583,7,4.987741563,466.9509103,14538,12775,10078,14089,10023,829
862,14251,41,18704,21,1707,117,4468,15,11896,4,4.976077988,458.8604293,14059,13025,9703,12609,9693,827
1563,12279,42,17417,20,1888,111,2826,20,10601,39,5.494522795,432.7260253,15411,15467,8252,10709,9190,776
1133,13522,149,15143,17,1608,165,4501,12,11868,15,5.030983315,474.4769666,16820,14560,3719,11698,8010,702
1147,12955,116,14529,17,1315,113,4409,9,11715,24,5.282631608,476.5616862,16915,14022,2723,10263,7584,748
1018,11725,143,13844,18,1113,135,3668,10,9630,9,5.021048168,449.8306861,15660,13569,2622,10165,7340,645
654,9951,105,11974,11,1086,92,2886,9,7763,2,4.811853204,432.2667805,13938,10617,2257,9414,6956,571
695,9627,85,11438,8,1063,85,2639,8,8155,1,4.666687829,427.0348295,14626,10653,2146,11287,6990,556
994,11659,93,13123,14,1109,82,3829,1,9960,22,4.914820128,449.0462737,16409,12837,2644,11653,7631,669
1137,12849,118,14337,14,1448,134,4690,9,11652,24,5.013230352,466.9995358,17004,13688,2939,13356,9540,795
1264,14101,160,15775,20,1487,155,4689,20,12601,22,5.172283264,470.9175154,18689,14949,3094,12415,9002,836
1335,14782,162,16465,18,1603,146,5340,6,13219,19,5.335633689,475.6534518,18925,16909,3030,10017,8450,785
1157,15350,171,16072,22,1563,120,5070,11,13799,28,5.394563441,481.3466322,18274,15637,2817,9751,7989,696
858,12541,99,13168,26,1236,86,3830,6,10942,18,4.865802959,464.5439427,14757,11690,2732,13873,6977,571
724,13513,85,13918,15,1321,78,4101,5,12567,20,6.734522534,481.3699544,13445,10868,7785,986,6664,775
844,13967,112,14172,17,1347,130,4159,9,13463,3,6.670296839,479.3021275,14425,11288,8712,759,7030,761
1053,14798,116,15213,24,1528,119,5138,11,14194,18,5.953251539,482.6095315,14400,17232,9160,690,7147,824
1233,15217,143,16655,14,1746,138,5430,11,14451,8,5.816638638,443.5691646,19623,18831,9403,634,7266,783
1364,15744,169,17470,24,1737,167,5055,11,14465,16,5.846476295,453.1138853,20093,17482,7815,4222,7193,780
1221,15518,178,16506,16,1620,172,5125,3,14638,16,5.781823611,466.4686716,17663,17178,7865,2758,7495,824
1074,15476,156,16671,20,1589,172,5216,16,13974,16,3.181264842,482.2634669,17036,15453,7993,73485,7619,863
1017,16707,161,17132,22,1600,173,4458,6,14675,13,4.947914318,500.2642188,17430,14240,7852,27429,17554,923
934,13881,105,15120,19,1578,87,3441,6,13152,6,6.614269057,475.3040069,16281,12873,7646,10314,7673,951
1326,16003,192,17334,23,1521,180,5152,13,14425,17,5.997626145,483.8588541,16105,16092,9248,5069,7731,861
1327,16224,169,18362,17,1699,202,5984,24,15555,25,6.039670923,486.3268754,17634,16757,9179,6508,8200,996
1293,16945,182,18910,26,1627,182,6009,21,15193,18,6.020086577,471.9727192,17901,16289,8936,6410,8343,982
1375,16579,181,19128,32,1643,169,5603,18,14578,7,5.692018526,472.8833797,17295,16135,9090,9106,7999,963
1307,16675,153,19228,23,1622,173,5760,7,9629,4,4.997092827,470.221766,17771,15731,8844,20506,8414,957
1184,18219,148,20155,30,1796,137,5883,14,5085,12,5.427830776,475.6318734,18410,14654,9381,18291,8884,1098
1176,18242,181,20523,19,1918,162,6043,4,5337,2,5.692100642,471.0200104,19263,13442,9552,15767,8780,1126
1453,17219,176,20289,29,1849,173,6129,10,5407,17,4.8422968,469.0768347,18384,15493,9137,26123,8193,940
1361,16721,194,19852,25,1681,161,5920,8,4310,20,5.384855073,480.4668324,18025,16424,9542,17267,8929,969
1347,17824,219,19443,35,1635,198,6040,15,4374,12,5.394774243,472.1724982,18450,17808,9840,15809,9860,962
1578,20769,219,21220,38,1866,221,6552,14,4555,9,5.851080833,481.6557854,18421,16243,9429,12032,13633,1177
1359,19427,192,20277,31,1706,195,6388,15,4368,18,5.484595518,480.3318568,18652,15951,9356,16179,12138,1129
1229,20490,175,20816,31,1195,164,6296,22,4516,9,5.93390218,492.2179777,20374,14928,9865,15832,10054,1168
1294,18907,118,19018,34,861,147,5432,6,4130,1,5.916292316,480.2352283,18489,13154,9644,15318,8966,1110
1548,21458,197,21930,38,1651,212,6727,26,4351,27,5.732197569,464.7717552,22465,19352,9885,16928,11837,1221
1563,18178,182,20431,22,1695,193,6683,21,4437,17,5.220485558,471.236554,20318,17174,9541,22672,10862,1133
1415,17121,192,19365,28,1664,224,6436,15,4198,17,5.6095322,470.5951298,19308,16299,8855,14377,10246,1101
1420,16923,177,19422,24,1673,178,6105,13,4024,18,4.920856473,461.6217665,18834,15876,9260,25691,10617,1047
1232,16042,220,18468,21,1492,209,5735,12,3705,5,4.007631085,457.1818046,17730,15355,8912,47766,10311,1047
1235,18682,154,19303,16,1584,165,5648,11,3981,21,5.31167365,482.6778475,18591,14093,9673,26237,10987,1206
1104,18067,154,18405,35,1614,156,5586,13,4153,1,5.348066149,472.1965831,18004,13108,8995,22817,9595,1161
1294,16178,201,17519,23,1595,225,5668,25,3955,19,3.558459186,474.5006558,17259,15684,8824,63742,11509,966
1890,16838,190,18431,14,1602,170,6109,12,4224,33,5.193507168,451.6607585,17532,17829,9596,15346,10911,1078
1418,17301,225,18122,26,1387,159,6057,12,3997,26,5.213199887,465.1685344,17260,17216,9716,18287,12138,1161
1377,16747,184,17621,26,1587,212,5783,13,3983,15,5.494164726,465.5077319,17193,16685,9190,13426,12136,1146
1348,16120,171,17552,18,1455,175,5388,6,3774,12,5.386799604,460.3109614,16916,16397,9493,13784,12309,1153
1109,18164,183,18134,20,1408,185,5918,13,3856,5,5.853255995,478.900487,17580,14837,9846,13204,12162,1179
1153,17516,141,17534,16,1366,165,5465,11,3982,4,5.808092906,466.9876112,17730,13608,9860,13535,12088,1111
1493,16804,165,17922,28,1426,202,5726,25,3678,25,5.507116853,461.1850775,17907,16859,9872,13979,11838,1135
1546,16768,134,17259,34,1916,138,5148,15,6859,11,5.597685684,450.5670945,18526,16559,9603,14940,12230,1152
1351,17048,177,17508,28,1708,172,6180,16,8871,13,5.576254066,444.1149938,16932,16005,9369,14501,11540,1052
1408,18969,141,17612,27,1832,143,6130,32,9555,25,5.781782184,450.7474209,17431,15819,9641,16495,13099,1097
1256,17643,110,17129,18,1723,164,3190,4,8120,24,5.563491478,433.3846134,16848,16762,8915,15243,13689,1071
1183,19500,163,16957,27,1801,198,5568,10,9261,26,6.404340504,486.5660927,17790,14226,9442,11249,13519,1203
1312,20116,137,17209,28,1771,194,5350,17,9018,2,6.360585186,461.1271675,20652,14250,10441,13071,14531,1155
1545,15767,144,14718,20,1715,224,4919,15,7541,31,6.069135881,475.743576,18072,16606,8372,9805,12171,993
1339,18629,171,16316,30,1759,219,6118,20,8988,25,5.752804555,477.6983844,18275,16316,8999,17234,13281,1120
1187,19312,152,17027,32,1824,187,6043,16,9381,29,5.667920652,458.32443,18543,16547,9080,14324,12961,1113
1280,19626,197,17135,27,1498,236,6128,17,9500,24,5.676288715,454.2260902,19108,16776,9035,14497,13009,1077
1084,17050,175,15355,16,1398,223,5085,3,8168,5,5.691872604,466.393246,16049,14136,8615,14833,12143,935
1006,18770,121,16311,22,1554,169,4971,20,9063,8,6.051847639,477.0000534,17215,13675,9016,14641,13809,1068
1088,19189,121,16281,27,1726,172,5207,10,9471,15,6.14688457,471.5965047,18013,12857,9083,14480,13784,1208
1250,19012,170,16228,29,1964,208,5237,6,9412,13,6.071830135,463.9239215,18241,14472,8826,14127,13568,1111
1466,17748,177,14967,30,1837,232,5861,21,9124,22,5.900996746,458.292979,18346,17611,8172,13481,12670,1115
1386,18546,161,16547,22,1674,231,4743,15,9015,12,5.873195538,474.2885515,17235,16292,8363,14256,12160,1053
1472,15703,145,13830,25,1404,188,4194,6,7633,31,5.657130472,460.9245989,16379,15311,5367,12970,10906,884
1325,15741,137,13203,21,1509,208,4228,8,7649,21,5.80377897,453.5370744,17157,13843,5029,12552,10469,840
1077,17925,191,14302,27,1539,232,4278,19,8342,5,6.261196962,472.6102023,18895,13689,5676,12837,12148,912
1049,17690,152,13867,22,1538,204,4509,20,8646,3,6.261392097,475.4699308,18168,12521,5894,13234,12570,950
1142,16720,139,14068,15,1280,174,4361,17,8122,31,6.065434147,468.4754756,17974,15121,5248,10276,10086,823
1307,18468,167,13824,9,1600,179,4560,32,7613,17,6.109898362,464.6842409,19676,16499,3511,7627,8428,738
1290,17106,130,13760,34,1644,194,5143,26,8679,18,6.324327115,467.7221511,20846,16524,3673,6439,9230,808
1259,18703,208,14037,37,1494,266,5682,7,9227,24,5.216844957,476.0599108,22188,17178,3889,25705,9732,777
1097,19941,159,14557,33,1497,239,6022,15,9227,10,6.102464924,471.2973174,24026,16120,4121,14565,10885,796
947,21976,147,15529,25,1582,265,6387,19,10333,9,6.907845158,490.5843007,25266,15106,4423,8996,11529,876
1111,21840,151,15387,49,1333,216,6231,15,11029,6,7.056444041,468.8854529,25615,15307,4217,6682,12021,870
1604,25900,230,18488,51,2154,367,8898,22,13108,34,6.808819367,464.0499953,28075,19787,4293,6460,11707,928
1534,22679,220,16922,44,2006,315,8268,27,11631,13,6.882188243,462.2306375,26582,19324,4306,5762,11421,852
1361,22636,204,16682,33,1693,244,7351,27,11034,17,6.44090217,449.6797369,25729,18280,4390,10323,10961,763
1368,21145,185,15678,34,1639,222,6719,43,10255,16,6.546914089,448.005563,24379,17333,4468,8133,10567,883
1468,18743,193,14567,26,1578,166,5479,20,9123,19,6.292887998,439.2521691,23286,16512,4047,7688,10324,796
1090,21857,183,15595,43,1740,237,6636,31,10232,31,6.642704132,443.9693495,24272,15245,4497,9600,11165,888
1073,20298,143,14348,28,1626,187,5893,10,9577,7,6.683061873,440.3514588,22362,13443,4281,8928,10578,834
1285,19504,175,14950,32,1594,203,6563,18,9292,28,6.089556846,428.0608857,22061,16569,4179,11465,10202,788
1171,19656,173,14547,18,1610,257,6425,27,9733,30,6.241248494,435.7421367,20995,16559,3938,9964,10000,741
1714,17982,142,13909,32,1629,195,6065,16,8905,39,6.068062988,418.8220987,20421,16826,3959,9873,9387,709
1273,17188,154,12275,22,1338,192,5713,23,8438,17,5.886049872,417.1150189,19583,15063,3914,12980,9344,732
1168,17712,139,12593,34,1710,171,5882,20,8653,21,5.867783902,412.6006977,20540,15137,4036,14136,9806,752
1004,19782,141,13153,28,1783,166,5981,19,9583,19,6.362472406,430.6871709,21745,14152,3721,12870,10411,892
1098,19037,143,12479,31,1850,183,6052,13,9132,5,6.387358724,420.409114,20889,13261,3711,12548,9742,816
1296,18590,157,13182,34,1760,196,6062,17,9319,23,6.133708932,421.1459914,20534,16926,3486,11882,9934,841
1228,18010,173,13625,23,1901,225,6281,13,9337,23,5.796482305,409.4694914,19764,16235,3637,15048,10271,805
1092,17979,167,13654,24,1761,192,6368,17,9310,15,5.984058914,416.0306355,19995,16033,3567,13828,9482,675
1178,17155,159,13245,18,1724,188,5992,38,8746,20,5.915008822,424.0321794,19544,15949,3305,12911,9661,724
1042,16616,153,13320,27,1566,168,5771,16,8174,33,5.763206507,403.9583506,19518,15494,3169,14686,9233,716
1042,18021,152,14218,26,1682,208,5910,17,9117,11,6.17553332,420.4336171,20833,14429,3596,15097,10180,793
940,16934,124,13182,29,1738,178,5958,13,9084,5,6.219456182,423.1523532,20246,13406,3527,14024,9845,802
1210,15358,149,13159,35,1630,166,5463,16,8487,12,5.800601066,411.1066597,18759,15709,3278,12668,8946,698
1118,15744,163,13016,32,1677,206,5544,13,8422,26,5.601994346,409.6599445,19340,16081,3236,16372,8703,781
1085,15403,152,12776,23,1565,182,5275,12,8179,35,6.109116795,424.2953685,19003,15565,3079,10296,8502,725
1012,15762,155,10583,17,2289,185,6016,17,8617,17,7.047938804,472.0979712,19153,15700,3052,8716,8711,754
930,15102,116,9679,23,2128,129,5396,11,8239,27,7.463440098,471.8388243,19083,15046,2656,4275,7289,750
770,16819,125,10093,29,2187,174,5378,15,8163,15,7.956358954,485.3624313,19359,13386,3669,4783,7806,825
762,16746,124,9919,18,2115,154,5776,20,8593,14,8.075474744,473.3326088,19725,12793,3484,4151,8120,761
1064,17555,204,10395,22,2245,197,6114,20,8740,17,7.694493848,471.5087069,18475,16000,5930,4198,7985,788
1011,16268,155,9311,28,2420,168,5242,17,8503,31,7.450816915,451.596073,17495,15128,6535,6100,9715,896
923,16372,165,9336,22,2153,170,5356,14,7939,16,7.065843835,446.1819999,16934,15012,6520,8409,8738,851
961,16546,172,9539,30,2324,192,5979,30,8195,17,7.153134547,447.5869206,16160,14756,8028,8605,9706,969
878,16050,173,9253,20,2255,167,6696,19,8194,15,7.163140062,447.7487043,16566,14366,7966,7628,9767,962
679,18038,160,9840,24,2402,187,6607,14,8863,13,7.533082832,466.1688725,17503,14201,8628,7437,10514,1041
733,17470,144,9484,31,2339,179,6287,16,9131,7,7.894356794,453.4213659,16764,12753,8306,7577,10228,1036
1083,17016,163,9424,28,2521,185,6636,22,8738,30,7.163153071,447.4254876,16175,15434,9085,7260,9926,967
907,16483,174,9217,24,2301,200,6194,26,8300,15,7.138183303,449.0052635,15403,15062,8835,7701,10249,1028
1063,15400,177,9902,19,2312,209,7067,21,7832,20,7.030561513,446.6481358,15724,16212,9468,7819,10375,1123
953,15062,157,8497,18,2295,150,6122,11,7328,22,6.348301046,427.6904838,14434,15862,10645,12129,10555,1132
735,15798,125,8654,35,2447,135,6400,32,7942,9,6.868993698,443.2344845,14965,13112,11085,10631,10879,1128
744,16221,144,9094,21,2414,204,6183,13,7956,17,6.87876782,431.7524516,15382,13232,11523,10276,10787,1076
771,16955,145,9449,28,2588,175,6709,13,8421,8,7.027456762,441.6983208,16021,12713,11653,11208,10744,1098
1028,18994,208,9462,43,2893,233,7235,20,9427,13,7.052345796,453.8316473,15670,15999,12793,10554,11181,1170
1185,18476,183,20393,27,2960,181,7291,19,8760,34,6.867899642,457.1270166,15345,17347,12745,11302,11191,1237
1034,16880,173,21711,39,2758,192,7187,23,8372,33,6.048284004,451.6534586,14416,15788,12288,19029,10504,1083
1011,16982,202,21880,30,2838,209,7416,16,8500,15,6.72982117,455.177209,14285,15519,13140,10753,10372,1131
1146,16717,166,21760,23,2978,163,6539,18,8491,21,6.543989204,438.5987586,18244,15542,8168,12045,8802,910
995,18317,153,23268,35,3022,185,6322,23,9147,23,7.000371609,454.2113317,21963,14597,5177,10652,7864,816
930,16628,171,21262,29,2817,187,6307,22,8774,7,6.931757976,436.0963286,20487,12859,5580,11107,7823,742
1414,17601,172,23766,29,3321,200,7443,15,9641,19,6.550213075,428.2970538,18808,17087,10523,13115,7818,792
1186,17516,161,23523,24,3046,204,6929,15,9175,26,6.585543266,433.5869129,17883,16606,11319,11315,7602,797
1045,17458,179,22559,30,3017,219,6684,14,8636,20,6.39970788,428.5247414,17641,17273,10367,10998,7653,860
1109,17153,184,22284,26,2741,169,5850,17,7672,29,5.97743204,392.5401379,16391,17813,9601,12767,7161,709
1005,15702,167,19279,24,2595,180,5928,42,7316,25,5.753606797,410.549481,15618,14897,9540,15622,7534,739
775,16652,164,21525,20,2545,162,5618,27,7640,5,4.955836715,391.1798959,15471,14836,9745,31416,7189,746
807,16734,133,19370,19,2676,152,6024,17,7479,5,4.883422912,419.405289,15885,12374,10046,35341,7320,743
1177,16575,260,19984,31,2680,274,6542,39,7660,39,6.148249395,422.9523647,16172,17022,11346,8625,7897,793
1051,15724,131,19428,27,1965,195,6123,28,7437,24,6.382521466,433.5584074,15402,15259,11317,6394,7345,789
1071,18273,200,22663,52,4777,323,8320,29,8552,19,5.912298213,399.4019056,16784,15565,8152,11730,7437,895
871,16789,152,20848,38,3070,206,6553,17,7900,22,6.095509633,410.5822755,16037,16581,8009,8756,7485,862
860,16235,130,20309,25,2245,192,5689,15,7792,15,6.3090534,401.8085186,16766,16068,7545,7581,7431,774
646,16216,123,20252,9,2204,165,5303,16,7426,22,6.538749232,405.2562826,16147,13082,8034,8474,7245,711
657,16251,94,21399,9,1892,175,5078,9,7524,3,6.211386999,370.4733664,16922,14088,8214,9324,7684,669
1475,17310,153,21462,26,1902,237,6445,14,8419,50,6.045968138,395.8545663,17802,18331,8179,8822,8687,712
1291,16946,158,20823,23,2682,226,6529,44,8325,31,6.357950525,409.6126555,16917,16471,7701,7364,7830,742
1017,18584,178,23206,28,2233,260,6464,21,8338,29,6.34365589,396.5500114,18506,19598,7786,8435,8558,750
954,16485,146,20786,17,2017,190,6091,22,7675,26,4.352734744,403.5376123,17101,19001,7748,41870,9165,817
846,15465,164,19289,24,1896,192,5574,21,7340,20,4.806322324,411.5788515,16006,14623,7769,31209,8089,749
614,15987,132,19704,33,1835,198,5342,23,7034,4,6.309322882,416.3163274,16703,13767,8087,7717,8360,747
705,18015,142,21383,20,2133,212,6561,11,8738,5,6.80908432,417.0739864,18524,12952,8414,7935,8517,750
1091,18038,145,22331,27,2195,227,7271,31,9182,57,6.445913703,429.0379405,18903,17000,8524,9003,8447,831
1083,19184,155,23706,29,2179,273,7842,30,8812,42,6.119573089,413.4947461,18384,16510,8515,11178,11460,1004
856,17420,180,21758,21,1964,221,7432,26,8336,47,5.964472281,415.1548449,17667,16090,8077,13075,9159,854
1155,16669,150,20733,15,1798,205,6516,11,7731,17,5.901974426,410.089679,17025,17230,8415,12257,8522,787
885,14529,165,18303,17,1755,187,5728,23,6703,21,5.796485699,390.7446586,15416,14170,7824,10751,8300,678
541,13524,127,17254,20,1700,168,4765,20,6412,22,5.774299892,389.1199789,14148,11200,7352,12108,7326,664
556,14589,131,17953,21,1763,202,5131,26,6631,6,6.120362624,400.5962448,14915,10858,7622,11757,7733,681
655,14551,113,17673,29,1868,179,5456,26,7058,6,6.00160409,401.590183,14862,11528,7626,12499,7406,659
988,15516,146,19495,32,1804,180,6527,16,7742,38,6.005963366,407.1355318,15804,16066,8273,10345,7434,699
863,14969,130,18719,13,1716,164,6325,27,7174,23,5.885074581,408.0749531,15789,14783,7426,11308,7275,640
918,15396,159,19360,21,1617,235,6097,19,7060,38,5.821862167,401.8332596,16756,15568,6976,12876,7639,679
774,15433,137,19309,20,1557,185,6509,16,7216,12,5.869590945,403.0699019,17083,14854,6751,11997,7589,646
510,14549,118,18089,28,1456,184,4912,9,6453,22,5.911999211,396.6469757,15624,12507,6328,11716,7366,599
548,13994,146,17093,21,1637,179,5086,17,6204,1,5.765779975,380.7793094,15205,11490,6568,14066,7209,627
898,15171,156,19043,19,1658,190,6378,21,7329,49,5.471584072,391.54486,16662,16022,6664,16800,7800,681
860,13887,166,17890,22,1376,200,6231,23,6977,47,5.498189895,399.1356721,16815,15560,7016,14530,7481,702
804,14781,152,18031,14,1736,197,5931,15,7228,19,6.443610868,427.638429,16018,15845,6643,5729,7102,640
742,13921,162,17444,29,1681,200,5722,20,6828,20,6.025403307,418.288474,15704,15209,6907,9336,8600,726
720,13528,138,17016,22,1690,159,5207,14,6368,16,5.90533057,404.0684603,15523,14478,6454,9466,8582,722
596,13712,115,16803,19,1722,159,5178,24,6653,22,6.221267631,409.5749295,15139,12564,6599,8259,8584,830
521,14629,106,17742,22,1963,159,5551,9,6832,5,6.383453664,407.776158,16698,12081,6863,9228,9389,799
899,15550,182,19381,27,2133,220,7325,29,7921,61,6.20426477,411.2373312,18672,17287,7384,9104,9976,872
979,16340,178,19966,29,2190,232,7704,24,8018,31,6.062690633,420.1804734,18877,18420,7781,10658,10411,864
897,16117,139,19978,35,2134,224,7013,41,8079,22,5.97539424,406.7958436,17990,16726,7479,12168,10061,853
912,16128,189,19757,29,2084,202,6995,17,8103,25,5.750079163,396.9687629,17449,16867,7348,15410,10521,843
830,14385,157,17970,21,1779,178,6142,25,6866,14,5.608708659,382.0872539,16209,14847,7069,14965,9935,777
551,14278,142,18012,22,1813,209,5863,13,6764,14,5.507027092,380.2965221,15097,12560,7349,19082,10767,826
529,15362,98,19025,14,2184,193,6220,19,7541,10,5.748334352,382.5408485,16763,12512,7115,18972,10735,877
1064,15701,166,19567,24,2223,224,7130,24,7577,53,5.644798475,400.3187263,17076,16540,7902,17113,10659,798
1019,15320,149,19073,24,1880,209,6968,26,7390,41,5.560376416,390.5439153,16439,16054,7632,16966,9729,751
1020,14493,145,18593,15,2203,159,6036,17,6586,29,5.495888416,389.5631978,15608,15869,7747,16302,10135,753
1002,14027,147,17811,30,2238,172,6055,24,6511,25,5.384491185,388.6929516,15351,15939,7773,16195,9986,724
952,13359,139,17292,26,1823,178,5818,24,6232,19,5.416176448,386.0999461,14848,14425,7864,15500,9752,748
714,13967,102,17536,22,1956,147,5312,12,6370,5,5.512865355,383.930197,14717,13157,8454,15986,10154,818
622,13738,124,17326,15,2129,167,5164,10,6339,3,5.549350933,374.6216238,15005,11444,8054,17193,10479,765
1139,16226,161,20250,14,2479,214,6664,19,7372,26,5.735776709,393.4915459,17598,16719,8584,16141,10305,820
1090,15030,132,18709,26,2305,203,6585,18,7249,44,5.514398307,393.5725816,16301,15832,8244,16179,10671,779
977,13594,154,17513,22,2149,197,5725,29,6775,27,5.358649048,384.3625765,15093,15080,7919,15688,9872,680
1004,13079,136,16680,26,2097,171,5640,12,6384,34,5.3488117,381.2825905,14586,14227,7897,15183,9432,796
822,12710,108,16616,23,1893,170,5029,14,5872,8,5.375866939,383.0229715,14028,14221,7725,16156,9433,739
729,12281,145,16099,12,1841,149,4564,16,5600,13,5.434202475,370.1842927,13511,11021,7461,16139,9401,677
661,13189,88,16736,16,2309,141,5465,21,6201,1,5.589233074,381.7854896,14809,11197,7839,16795,10039,737
1096,13994,130,18068,21,2422,188,6132,19,6725,49,5.193566108,392.0735545,15812,15066,8043,22489,9823,796
961,13596,151,17458,21,2270,197,5964,44,6504,20,5.428598865,386.7916202,15095,14621,8002,17141,9461,740
976,13290,132,17206,21,2288,174,5879,13,6350,30,5.199988544,387.5649052,14444,13959,8512,20400,9626,676
891,11687,94,15307,18,1703,135,4643,15,5483,21,5.317742264,375.4719237,13070,12985,7763,13096,9132,674